{
  "ok": true,
  "counts": {
    "solids": 1,
    "faces": 198,
    "edges": 483,
    "vertices": 305
  },
  "bboxMin": {
    "x": -24.58576967747133,
    "y": -24.585769677471298,
    "z": -0.0002378889918620588
  },
  "bboxMax": {
    "x": 24.585769677471408,
    "y": 24.585769677471294,
    "z": 93.00023788899188
  },
  "bboxSize": {
    "x": 49.17153935494274,
    "y": 49.171539354942595,
    "z": 93.00047577798374
  },
  "mass": {
    "ok": true,
    "density_kg_m3": 7850.0,
    "volume_mm3": 103467.00127207718,
    "area_mm2": 20554.346158859644,
    "mass_kg": 0.8122159599858059,
    "com_mm": {
      "x": -8.521157036860644e-07,
      "y": 0.002259460726967911,
      "z": 39.08660939533708
    },
    "inertia_com_kg_m2": {
      "ixx": 0.0004851516352716528,
      "iyy": 0.00048463552323846316,
      "izz": 0.00020359223029549258,
      "ixy": 3.461745995304774e-07,
      "ixz": -1.2659762851799233e-11,
      "iyz": -7.878122025944646e-08
    },
    "principal_moments_kg_m2": [
      0.0004853253588175435,
      0.00048446182177631344,
      0.0002035922082117516
    ]
  },
  "cylinderDiametersMm": [
    58.0,
    53.99999999999999,
    42.0,
    28.0,
    22.0,
    18.0,
    10.000000000000002,
    8.0,
    6.799999999999995,
    5.999999999999998,
    4.999999999999997,
    3.200000000000005,
    3.0000000000000027,
    2.98000000000001,
    2.4999999999999885,
    0.6000000000000033
  ]
}
